,Replica,run,conf,frame,tpore,x0,y0,x1,y1,x2,y2,x3,y3,membrane
0,APM-hyp_1,1,9,16,1.6,78,203,,,,,,,APM-hyp
1,APM-hyp_1,2,9,15,1.5,68,130,,,,,,,APM-hyp
2,APM-hyp_1,3,9,11,1.1,133,131,,,,,,,APM-hyp
3,APM-hyp_1,4,9,10,1.0,199,114,,,,,,,APM-hyp
4,APM-hyp_1,5,9,13,1.3,17,13,,,,,,,APM-hyp
5,APM-hyp_1,6,9,7,0.7,26,296,,,,,,,APM-hyp
6,APM-hyp_1,7,9,25,2.5,199,132,,,,,,,APM-hyp
7,APM-hyp_1,8,9,16,1.6,4,29,129.0,208.0,,,,,APM-hyp
8,APM-hyp_1,9,9,19,1.9,60,134,,,,,,,APM-hyp
9,APM-hyp_1,10,9,10,1.0,198,289,,,,,,,APM-hyp
10,APM-hyp_1,11,9,13,1.3,135,185,223.0,110.0,,,,,APM-hyp
11,APM-hyp_1,12,9,16,1.6,32,8,,,,,,,APM-hyp
12,APM-hyp_1,13,9,14,1.4,228,114,,,,,,,APM-hyp
13,APM-hyp_1,14,9,13,1.3,63,120,,,,,,,APM-hyp
14,APM-hyp_1,15,9,13,1.3,141,208,170.0,40.0,,,,,APM-hyp
15,APM-hyp_1,16,9,19,1.9,88,91,,,,,,,APM-hyp
16,APM-hyp_1,17,9,17,1.7,132,218,,,,,,,APM-hyp
17,APM-hyp_1,18,9,17,1.7,19,295,240.0,152.0,,,,,APM-hyp
18,APM-hyp_1,19,9,16,1.6,126,176,,,,,,,APM-hyp
19,APM-hyp_1,20,9,16,1.6,34,231,,,,,,,APM-hyp
20,APM-hyp_1,21,9,14,1.4,48,135,,,,,,,APM-hyp
21,APM-hyp_1,22,9,13,1.3,61,126,221.0,157.0,,,,,APM-hyp
22,APM-hyp_1,23,9,13,1.3,133,194,,,,,,,APM-hyp
23,APM-hyp_1,24,9,20,2.0,20,10,,,,,,,APM-hyp
24,APM-hyp_1,25,9,15,1.5,233,117,,,,,,,APM-hyp
25,APM-hyp_1,26,9,23,2.3,34,296,193.0,27.0,208.0,107.0,,,APM-hyp
26,APM-hyp_1,27,9,13,1.3,68,125,,,,,,,APM-hyp
27,APM-hyp_1,28,9,15,1.5,223,241,,,,,,,APM-hyp
28,APM-hyp_1,29,9,19,1.9,128,218,,,,,,,APM-hyp
29,APM-hyp_1,30,9,16,1.6,142,209,,,,,,,APM-hyp
30,APM-hyp_1,31,9,14,1.4,14,7,78.0,124.0,,,,,APM-hyp
31,APM-hyp_1,32,9,21,2.1,156,292,55.0,210.0,247.0,142.0,,,APM-hyp
32,APM-hyp_1,33,9,20,2.0,136,255,,,,,,,APM-hyp
33,APM-hyp_1,34,9,19,1.9,167,26,,,,,,,APM-hyp
34,APM-hyp_1,35,9,20,2.0,217,225,,,,,,,APM-hyp
35,APM-hyp_1,36,9,22,2.2,3,26,128.0,202.0,,,,,APM-hyp
36,APM-hyp_1,37,9,19,1.9,28,9,,,,,,,APM-hyp
37,APM-hyp_1,38,9,15,1.5,82,115,,,,,,,APM-hyp
38,APM-hyp_1,39,9,19,1.9,76,131,,,,,,,APM-hyp
39,APM-hyp_1,40,9,16,1.6,88,109,,,,,,,APM-hyp
40,APM-hyp_1,41,9,21,2.1,45,287,208.0,131.0,,,,,APM-hyp
41,APM-hyp_1,42,9,17,1.7,15,5,127.0,292.0,,,,,APM-hyp
42,APM-hyp_1,43,9,27,2.7,124,207,,,,,,,APM-hyp
43,APM-hyp_1,44,9,17,1.7,63,127,,,,,,,APM-hyp
44,APM-hyp_1,45,9,19,1.9,20,9,,,,,,,APM-hyp
45,APM-hyp_1,46,9,16,1.6,25,292,,,,,,,APM-hyp
46,APM-hyp_1,47,9,13,1.3,70,111,138.0,197.0,,,,,APM-hyp
47,APM-hyp_1,48,9,23,2.3,4,40,208.0,153.0,,,,,APM-hyp
48,APM-hyp_1,49,9,23,2.3,22,17,52.0,127.0,,,,,APM-hyp
49,APM-hyp_1,50,9,15,1.5,179,202,,,,,,,APM-hyp
50,APM-hyp_1,51,9,17,1.7,85,211,91.0,216.0,,,,,APM-hyp
51,APM-hyp_1,52,9,14,1.4,203,132,,,,,,,APM-hyp
52,APM-hyp_1,53,9,15,1.5,19,8,35.0,66.0,121.0,145.0,,,APM-hyp
53,APM-hyp_1,54,9,21,2.1,73,121,,,,,,,APM-hyp
54,APM-hyp_1,55,9,16,1.6,72,126,,,,,,,APM-hyp
55,APM-hyp_1,56,9,21,2.1,161,28,,,,,,,APM-hyp
56,APM-hyp_1,57,9,16,1.6,96,91,209.0,101.0,,,,,APM-hyp
57,APM-hyp_1,58,9,22,2.2,21,206,26.0,23.0,158.0,195.0,224.0,220.0,APM-hyp
58,APM-hyp_1,59,9,31,3.1,91,93,224.0,220.0,,,,,APM-hyp
59,APM-hyp_1,60,9,13,1.3,62,122,,,,,,,APM-hyp
60,APM-hyp_2,1,9,17,1.7,218,243,,,,,,,APM-hyp
61,APM-hyp_2,2,9,19,1.9,244,238,300.0,282.0,41.0,224.0,,,APM-hyp
62,APM-hyp_2,3,9,14,1.4,206,28,272.0,263.0,,,,,APM-hyp
63,APM-hyp_2,4,9,13,1.3,269,270,,,,,,,APM-hyp
64,APM-hyp_2,5,9,23,2.3,44,230,263.0,285.0,,,,,APM-hyp
65,APM-hyp_2,6,9,20,2.0,68,142,59.0,279.0,,,,,APM-hyp
66,APM-hyp_2,7,9,21,2.1,294,9,,,,,,,APM-hyp
67,APM-hyp_2,8,9,13,1.3,234,240,,,,,,,APM-hyp
68,APM-hyp_2,9,9,10,1.0,278,266,,,,,,,APM-hyp
69,APM-hyp_2,10,9,29,2.9,261,256,,,,,,,APM-hyp
70,APM-hyp_2,11,9,21,2.1,237,245,66.0,282.0,,,,,APM-hyp
71,APM-hyp_2,12,9,7,0.7,61,136,,,,,,,APM-hyp
72,APM-hyp_2,13,9,10,1.0,271,256,,,,,,,APM-hyp
73,APM-hyp_2,14,9,21,2.1,281,277,,,,,,,APM-hyp
74,APM-hyp_2,15,9,33,3.3,297,152,134.0,272.0,,,,,APM-hyp
75,APM-hyp_2,16,9,23,2.3,278,278,,,,,,,APM-hyp
76,APM-hyp_2,17,9,29,2.9,257,205,,,,,,,APM-hyp
77,APM-hyp_2,18,9,21,2.1,274,265,,,,,,,APM-hyp
78,APM-hyp_2,19,9,32,3.2,150,16,,,,,,,APM-hyp
79,APM-hyp_2,20,9,22,2.2,36,215,,,,,,,APM-hyp
80,APM-hyp_2,21,9,44,4.4,58,156,249.0,222.0,,,,,APM-hyp
81,APM-hyp_2,22,9,20,2.0,276,286,,,,,,,APM-hyp
82,APM-hyp_2,23,9,15,1.5,275,272,,,,,,,APM-hyp
83,APM-hyp_2,24,9,25,2.5,277,273,,,,,,,APM-hyp
84,APM-hyp_2,25,9,20,2.0,273,272,,,,,,,APM-hyp
85,APM-hyp_2,26,9,21,2.1,50,294,260.0,259.0,,,,,APM-hyp
86,APM-hyp_2,27,9,31,3.1,273,288,,,,,,,APM-hyp
87,APM-hyp_2,28,9,21,2.1,164,104,,,,,,,APM-hyp
88,APM-hyp_2,29,9,8,0.8,270,272,,,,,,,APM-hyp
89,APM-hyp_2,30,9,16,1.6,246,219,,,,,,,APM-hyp
90,APM-hyp_2,31,9,13,1.3,245,230,,,,,,,APM-hyp
91,APM-hyp_2,32,9,23,2.3,264,200,,,,,,,APM-hyp
92,APM-hyp_2,33,9,21,2.1,128,287,,,,,,,APM-hyp
93,APM-hyp_2,34,9,32,3.2,291,272,,,,,,,APM-hyp
94,APM-hyp_2,35,9,33,3.3,264,229,,,,,,,APM-hyp
95,APM-hyp_2,36,9,25,2.5,154,106,,,,,,,APM-hyp
96,APM-hyp_2,37,9,14,1.4,58,295,,,,,,,APM-hyp
97,APM-hyp_2,38,9,25,2.5,244,238,,,,,,,APM-hyp
98,APM-hyp_2,39,9,25,2.5,271,226,,,,,,,APM-hyp
99,APM-hyp_2,40,9,20,2.0,280,267,,,,,,,APM-hyp
100,APM-hyp_2,41,9,16,1.6,92,35,,,,,,,APM-hyp
101,APM-hyp_2,42,9,17,1.7,266,243,278.0,64.0,,,,,APM-hyp
102,APM-hyp_2,43,9,31,3.1,285,257,,,,,,,APM-hyp
103,APM-hyp_2,44,9,16,1.6,267,266,,,,,,,APM-hyp
104,APM-hyp_2,45,9,19,1.9,93,118,,,,,,,APM-hyp
105,APM-hyp_2,46,9,19,1.9,249,221,,,,,,,APM-hyp
106,APM-hyp_2,47,9,15,1.5,270,267,,,,,,,APM-hyp
107,APM-hyp_2,48,9,19,1.9,245,221,,,,,,,APM-hyp
108,APM-hyp_2,49,9,17,1.7,280,272,,,,,,,APM-hyp
109,APM-hyp_2,50,9,34,3.4,285,293,,,,,,,APM-hyp
110,APM-hyp_2,51,9,26,2.6,130,6,,,,,,,APM-hyp
111,APM-hyp_2,52,9,25,2.5,271,259,,,,,,,APM-hyp
112,APM-hyp_2,53,9,25,2.5,261,238,,,,,,,APM-hyp
113,APM-hyp_2,54,9,20,2.0,107,39,,,,,,,APM-hyp
114,APM-hyp_2,55,9,17,1.7,276,272,,,,,,,APM-hyp
115,APM-hyp_2,56,9,19,1.9,276,268,,,,,,,APM-hyp
116,APM-hyp_2,57,9,26,2.6,153,3,245.0,222.0,261.0,264.0,,,APM-hyp
117,APM-hyp_2,58,9,26,2.6,132,20,,,,,,,APM-hyp
118,APM-hyp_2,59,9,20,2.0,273,274,,,,,,,APM-hyp
119,APM-hyp_2,60,9,19,1.9,281,260,,,,,,,APM-hyp
120,APM-hyp_3,1,9,14,1.4,86,82,,,,,,,APM-hyp
121,APM-hyp_3,2,9,13,1.3,255,275,,,,,,,APM-hyp
122,APM-hyp_3,3,9,31,3.1,253,272,,,,,,,APM-hyp
123,APM-hyp_3,4,9,14,1.4,246,260,,,,,,,APM-hyp
124,APM-hyp_3,5,9,14,1.4,91,124,,,,,,,APM-hyp
125,APM-hyp_3,6,9,25,2.5,23,287,,,,,,,APM-hyp
126,APM-hyp_3,7,9,21,2.1,60,295,240.0,267.0,,,,,APM-hyp
127,APM-hyp_3,8,9,31,3.1,294,123,,,,,,,APM-hyp
128,APM-hyp_3,9,9,23,2.3,208,28,,,,,,,APM-hyp
129,APM-hyp_3,10,9,21,2.1,214,6,300.0,15.0,,,,,APM-hyp
130,APM-hyp_3,11,9,19,1.9,41,244,,,,,,,APM-hyp
131,APM-hyp_3,12,9,19,1.9,245,269,,,,,,,APM-hyp
132,APM-hyp_3,13,9,19,1.9,111,237,,,,,,,APM-hyp
133,APM-hyp_3,14,9,15,1.5,294,28,,,,,,,APM-hyp
134,APM-hyp_3,15,9,19,1.9,262,65,,,,,,,APM-hyp
135,APM-hyp_3,16,9,39,3.9,224,9,,,,,,,APM-hyp
136,APM-hyp_3,17,9,22,2.2,43,297,,,,,,,APM-hyp
137,APM-hyp_3,18,9,25,2.5,292,7,,,,,,,APM-hyp
138,APM-hyp_3,19,9,16,1.6,295,11,,,,,,,APM-hyp
139,APM-hyp_3,20,9,38,3.8,296,136,49.0,243.0,,,,,APM-hyp
140,APM-hyp_3,21,9,25,2.5,245,270,,,,,,,APM-hyp
141,APM-hyp_3,22,9,31,3.1,104,77,,,,,,,APM-hyp
142,APM-hyp_3,23,9,29,2.9,254,260,,,,,,,APM-hyp
143,APM-hyp_3,24,9,31,3.1,41,257,246.0,277.0,,,,,APM-hyp
144,APM-hyp_3,25,9,43,4.3,114,170,,,,,,,APM-hyp
145,APM-hyp_3,26,9,23,2.3,35,237,291.0,35.0,135.0,219.0,,,APM-hyp
146,APM-hyp_3,27,9,28,2.8,186,266,,,,,,,APM-hyp
147,APM-hyp_3,28,9,37,3.7,62,289,133.0,232.0,,,,,APM-hyp
148,APM-hyp_3,29,9,19,1.9,205,292,,,,,,,APM-hyp
149,APM-hyp_3,30,9,28,2.8,263,68,,,,,,,APM-hyp
150,APM-hyp_3,31,9,25,2.5,293,11,,,,,,,APM-hyp
151,APM-hyp_3,32,9,26,2.6,254,77,275.0,50.0,,,,,APM-hyp
152,APM-hyp_3,33,9,13,1.3,206,12,,,,,,,APM-hyp
153,APM-hyp_3,34,9,26,2.6,297,295,,,,,,,APM-hyp
154,APM-hyp_3,35,9,28,2.8,103,87,188.0,220.0,,,,,APM-hyp
155,APM-hyp_3,36,9,25,2.5,27,4,103.0,63.0,,,,,APM-hyp
156,APM-hyp_3,37,9,34,3.4,136,211,,,,,,,APM-hyp
157,APM-hyp_3,38,9,21,2.1,187,293,239.0,258.0,,,,,APM-hyp
158,APM-hyp_3,39,9,27,2.7,284,35,,,,,,,APM-hyp
159,APM-hyp_3,40,9,31,3.1,214,296,,,,,,,APM-hyp
160,APM-hyp_3,41,9,19,1.9,243,265,295.0,122.0,,,,,APM-hyp
161,APM-hyp_3,42,9,25,2.5,3,39,,,,,,,APM-hyp
162,APM-hyp_3,43,9,17,1.7,126,183,,,,,,,APM-hyp
163,APM-hyp_3,44,9,26,2.6,297,142,,,,,,,APM-hyp
164,APM-hyp_3,45,9,15,1.5,246,273,,,,,,,APM-hyp
165,APM-hyp_3,46,9,19,1.9,241,276,,,,,,,APM-hyp
166,APM-hyp_3,47,9,14,1.4,204,19,,,,,,,APM-hyp
167,APM-hyp_3,48,9,39,3.9,205,5,275.0,28.0,,,,,APM-hyp
168,APM-hyp_3,49,9,14,1.4,244,275,,,,,,,APM-hyp
169,APM-hyp_3,50,9,13,1.3,66,105,,,,,,,APM-hyp
170,APM-hyp_3,51,9,13,1.3,290,27,,,,,,,APM-hyp
171,APM-hyp_3,52,9,15,1.5,284,31,,,,,,,APM-hyp
172,APM-hyp_3,53,9,10,1.0,204,24,,,,,,,APM-hyp
173,APM-hyp_3,54,9,16,1.6,130,189,,,,,,,APM-hyp
174,APM-hyp_3,55,9,21,2.1,101,50,133.0,273.0,,,,,APM-hyp
175,APM-hyp_3,56,9,27,2.7,130,194,,,,,,,APM-hyp
176,APM-hyp_3,57,9,25,2.5,292,8,,,,,,,APM-hyp
177,APM-hyp_3,58,9,32,3.2,207,296,287.0,146.0,,,,,APM-hyp
178,APM-hyp_3,59,9,21,2.1,47,243,258.0,24.0,,,,,APM-hyp
179,APM-hyp_3,60,9,22,2.2,251,266,271.0,129.0,,,,,APM-hyp
180,APM-hyp_4,1,9,21,2.1,79,279,,,,,,,APM-hyp
181,APM-hyp_4,2,9,20,2.0,196,289,,,,,,,APM-hyp
182,APM-hyp_4,3,9,29,2.9,10,82,45.0,146.0,,,,,APM-hyp
183,APM-hyp_4,4,9,22,2.2,70,269,,,,,,,APM-hyp
184,APM-hyp_4,5,9,13,1.3,171,153,,,,,,,APM-hyp
185,APM-hyp_4,6,9,13,1.3,210,258,,,,,,,APM-hyp
186,APM-hyp_4,7,9,25,2.5,168,173,,,,,,,APM-hyp
187,APM-hyp_4,8,9,31,3.1,216,280,,,,,,,APM-hyp
188,APM-hyp_4,9,9,19,1.9,80,280,,,,,,,APM-hyp
189,APM-hyp_4,10,9,15,1.5,159,116,,,,,,,APM-hyp
190,APM-hyp_4,11,9,9,0.9,282,217,,,,,,,APM-hyp
191,APM-hyp_4,12,9,35,3.5,88,132,,,,,,,APM-hyp
192,APM-hyp_4,13,9,9,0.9,153,105,,,,,,,APM-hyp
193,APM-hyp_4,14,9,21,2.1,204,263,,,,,,,APM-hyp
194,APM-hyp_4,15,9,20,2.0,166,143,,,,,,,APM-hyp
195,APM-hyp_4,16,9,29,2.9,195,285,271.0,162.0,,,,,APM-hyp
196,APM-hyp_4,17,9,16,1.6,49,195,49.0,90.0,,,,,APM-hyp
197,APM-hyp_4,18,9,29,2.9,50,130,,,,,,,APM-hyp
198,APM-hyp_4,19,9,13,1.3,87,265,,,,,,,APM-hyp
199,APM-hyp_4,20,9,43,4.3,175,177,,,,,,,APM-hyp
200,APM-hyp_4,21,9,19,1.9,294,214,,,,,,,APM-hyp
201,APM-hyp_4,22,9,43,4.3,53,204,153.0,178.0,,,,,APM-hyp
202,APM-hyp_4,23,9,33,3.3,172,171,,,,,,,APM-hyp
203,APM-hyp_4,24,9,40,4.0,96,122,260.0,287.0,95.0,215.0,,,APM-hyp
204,APM-hyp_4,25,9,21,2.1,263,161,255.0,161.0,,,,,APM-hyp
205,APM-hyp_4,26,9,23,2.3,258,295,,,,,,,APM-hyp
206,APM-hyp_4,27,9,19,1.9,8,38,,,,,,,APM-hyp
207,APM-hyp_4,28,9,13,1.3,60,125,,,,,,,APM-hyp
208,APM-hyp_4,29,9,14,1.4,13,14,,,,,,,APM-hyp
209,APM-hyp_4,30,9,20,2.0,4,142,,,,,,,APM-hyp
210,APM-hyp_4,31,9,32,3.2,251,295,,,,,,,APM-hyp
211,APM-hyp_4,32,9,13,1.3,51,209,,,,,,,APM-hyp
212,APM-hyp_4,33,9,37,3.7,3,239,,,,,,,APM-hyp
213,APM-hyp_4,34,9,21,2.1,185,176,,,,,,,APM-hyp
214,APM-hyp_4,35,9,29,2.9,225,81,170.0,117.0,,,,,APM-hyp
215,APM-hyp_4,36,9,22,2.2,91,271,,,,,,,APM-hyp
216,APM-hyp_4,37,9,19,1.9,59,116,,,,,,,APM-hyp
217,APM-hyp_4,38,9,23,2.3,94,243,,,,,,,APM-hyp
218,APM-hyp_4,39,9,28,2.8,295,146,186.0,150.0,,,,,APM-hyp
219,APM-hyp_4,40,9,31,3.1,130,296,,,,,,,APM-hyp
220,APM-hyp_4,41,9,26,2.6,204,73,,,,,,,APM-hyp
221,APM-hyp_4,42,9,31,3.1,194,77,,,,,,,APM-hyp
222,APM-hyp_4,43,9,20,2.0,56,193,,,,,,,APM-hyp
223,APM-hyp_4,44,9,19,1.9,97,68,,,,,,,APM-hyp
224,APM-hyp_4,45,9,25,2.5,297,146,209.0,287.0,,,,,APM-hyp
225,APM-hyp_4,46,9,28,2.8,217,272,,,,,,,APM-hyp
226,APM-hyp_4,47,9,9,0.9,256,3,,,,,,,APM-hyp
227,APM-hyp_4,48,9,19,1.9,106,238,,,,,,,APM-hyp
228,APM-hyp_4,49,9,35,3.5,286,95,183.0,130.0,,,,,APM-hyp
229,APM-hyp_4,50,9,25,2.5,157,128,276.0,246.0,,,,,APM-hyp
230,APM-hyp_4,51,9,25,2.5,154,173,,,,,,,APM-hyp
231,APM-hyp_4,52,9,20,2.0,287,221,,,,,,,APM-hyp
232,APM-hyp_4,53,9,25,2.5,153,117,240.0,5.0,,,,,APM-hyp
233,APM-hyp_4,54,9,20,2.0,206,267,,,,,,,APM-hyp
234,APM-hyp_4,55,9,25,2.5,88,122,,,,,,,APM-hyp
235,APM-hyp_4,56,9,19,1.9,143,156,,,,,,,APM-hyp
236,APM-hyp_4,57,9,23,2.3,264,4,,,,,,,APM-hyp
237,APM-hyp_4,58,9,41,4.1,297,36,,,,,,,APM-hyp
238,APM-hyp_4,59,9,19,1.9,141,161,,,,,,,APM-hyp
239,APM-hyp_4,60,9,21,2.1,142,177,,,,,,,APM-hyp
0,APM_1,1,9,14,1.4,63,119,,,,,,,APM
1,APM_1,2,9,31,3.1,185,294,,,,,,,APM
2,APM_1,3,9,55,5.5,157,95,,,,,,,APM
3,APM_1,4,9,34,3.4,253,130,,,,,,,APM
4,APM_1,5,9,41,4.1,225,168,,,,,,,APM
5,APM_1,6,9,13,1.3,270,96,,,,,,,APM
6,APM_1,7,9,15,1.5,57,120,,,,,,,APM
7,APM_1,8,9,43,4.3,26,237,,,,,,,APM
8,APM_1,9,9,23,2.3,14,296,,,,,,,APM
9,APM_1,10,9,44,4.4,139,133,,,,,,,APM
10,APM_1,11,9,51,5.1,64,123,,,,,,,APM
11,APM_1,12,9,31,3.1,225,143,,,,,,,APM
12,APM_1,13,9,35,3.5,209,134,,,,,,,APM
13,APM_1,14,9,27,2.7,90,188,,,,,,,APM
14,APM_1,15,9,60,6.0,244,141,,,,,,,APM
15,APM_1,16,9,20,2.0,208,113,,,,,,,APM
16,APM_1,17,9,26,2.6,15,29,,,,,,,APM
17,APM_1,18,9,27,2.7,212,145,,,,,,,APM
18,APM_1,19,9,11,1.1,215,139,,,,,,,APM
19,APM_1,20,9,28,2.8,18,35,,,,,,,APM
20,APM_1,21,9,39,3.9,32,40,,,,,,,APM
21,APM_1,22,9,19,1.9,136,291,,,,,,,APM
22,APM_1,23,9,16,1.6,222,136,,,,,,,APM
23,APM_1,24,9,13,1.3,221,169,,,,,,,APM
24,APM_1,25,9,25,2.5,93,217,183.0,188.0,,,,,APM
25,APM_1,26,9,20,2.0,155,277,,,,,,,APM
26,APM_1,27,9,37,3.7,299,233,,,,,,,APM
27,APM_1,28,9,19,1.9,153,291,,,,,,,APM
28,APM_1,29,9,19,1.9,213,149,,,,,,,APM
29,APM_1,30,9,44,4.4,3,34,,,,,,,APM
30,APM_1,31,9,20,2.0,212,141,,,,,,,APM
31,APM_1,32,9,15,1.5,137,212,229.0,142.0,,,,,APM
32,APM_1,33,9,15,1.5,184,285,,,,,,,APM
33,APM_1,34,9,25,2.5,233,117,,,,,,,APM
34,APM_1,35,9,37,3.7,167,294,,,,,,,APM
35,APM_1,36,9,15,1.5,17,4,,,,,,,APM
36,APM_1,37,9,35,3.5,66,150,,,,,,,APM
37,APM_1,38,9,28,2.8,84,216,,,,,,,APM
38,APM_1,39,9,52,5.2,19,289,76.0,123.0,,,,,APM
39,APM_1,40,9,27,2.7,37,5,,,,,,,APM
40,APM_1,41,9,32,3.2,8,35,,,,,,,APM
41,APM_1,42,9,22,2.2,23,255,,,,,,,APM
42,APM_1,43,9,31,3.1,227,142,,,,,,,APM
43,APM_1,44,9,16,1.6,63,126,,,,,,,APM
44,APM_1,45,9,31,3.1,240,132,,,,,,,APM
45,APM_1,46,9,25,2.5,295,269,,,,,,,APM
46,APM_1,47,9,13,1.3,248,121,,,,,,,APM
47,APM_1,48,9,29,2.9,220,141,,,,,,,APM
48,APM_1,49,9,22,2.2,195,2,,,,,,,APM
49,APM_1,50,9,33,3.3,215,149,,,,,,,APM
50,APM_1,51,9,19,1.9,13,25,,,,,,,APM
51,APM_1,52,9,26,2.6,31,32,,,,,,,APM
52,APM_1,53,9,25,2.5,89,225,,,,,,,APM
53,APM_1,54,9,13,1.3,183,293,,,,,,,APM
54,APM_1,55,9,15,1.5,20,9,,,,,,,APM
55,APM_1,56,9,21,2.1,74,120,,,,,,,APM
56,APM_1,57,9,33,3.3,245,112,,,,,,,APM
57,APM_1,58,9,19,1.9,241,117,,,,,,,APM
58,APM_1,59,9,25,2.5,148,266,,,,,,,APM
59,APM_1,60,9,25,2.5,26,32,,,,,,,APM
60,APM_2,1,9,25,2.5,253,269,,,,,,,APM
61,APM_2,2,9,19,1.9,270,277,,,,,,,APM
62,APM_2,3,9,11,1.1,274,267,,,,,,,APM
63,APM_2,4,9,40,4.0,54,149,,,,,,,APM
64,APM_2,5,9,31,3.1,114,296,,,,,,,APM
65,APM_2,6,9,25,2.5,204,48,,,,,,,APM
66,APM_2,7,9,23,2.3,203,44,224.0,238.0,,,,,APM
67,APM_2,8,9,56,5.6,284,268,62.0,287.0,,,,,APM
68,APM_2,9,9,14,1.4,164,73,,,,,,,APM
69,APM_2,10,9,37,3.7,91,33,,,,,,,APM
70,APM_2,11,9,8,0.8,252,250,,,,,,,APM
71,APM_2,12,9,37,3.7,124,176,,,,,,,APM
72,APM_2,13,9,34,3.4,3,294,,,,,,,APM
73,APM_2,14,9,26,2.6,237,242,,,,,,,APM
74,APM_2,15,9,14,1.4,264,274,,,,,,,APM
75,APM_2,16,9,47,4.7,60,287,,,,,,,APM
76,APM_2,17,9,25,2.5,163,100,,,,,,,APM
77,APM_2,18,9,19,1.9,232,244,,,,,,,APM
78,APM_2,19,9,37,3.7,232,246,,,,,,,APM
79,APM_2,20,9,17,1.7,255,270,,,,,,,APM
80,APM_2,21,9,22,2.2,258,285,,,,,,,APM
81,APM_2,22,9,56,5.6,63,5,234.0,223.0,,,,,APM
82,APM_2,23,9,25,2.5,276,277,,,,,,,APM
83,APM_2,24,9,19,1.9,9,154,,,,,,,APM
84,APM_2,25,9,27,2.7,270,267,,,,,,,APM
85,APM_2,26,9,59,5.9,244,265,,,,,,,APM
86,APM_2,27,9,47,4.7,265,260,,,,,,,APM
87,APM_2,28,9,37,3.7,122,128,,,,,,,APM
88,APM_2,29,9,44,4.4,276,273,,,,,,,APM
89,APM_2,30,9,43,4.3,128,67,,,,,,,APM
90,APM_2,31,9,31,3.1,258,275,,,,,,,APM
91,APM_2,32,9,19,1.9,280,247,,,,,,,APM
92,APM_2,33,9,43,4.3,247,208,,,,,,,APM
93,APM_2,34,9,25,2.5,227,239,,,,,,,APM
94,APM_2,35,9,13,1.3,58,291,,,,,,,APM
95,APM_2,36,9,15,1.5,238,227,,,,,,,APM
96,APM_2,37,9,33,3.3,33,4,,,,,,,APM
97,APM_2,38,9,44,4.4,207,66,,,,,,,APM
98,APM_2,39,9,34,3.4,238,244,,,,,,,APM
99,APM_2,40,9,34,3.4,254,263,,,,,,,APM
100,APM_2,41,9,14,1.4,271,265,,,,,,,APM
101,APM_2,42,9,25,2.5,277,273,,,,,,,APM
102,APM_2,43,9,33,3.3,271,225,,,,,,,APM
103,APM_2,44,9,82,8.2,272,256,,,,,,,APM
104,APM_2,45,9,33,3.3,229,251,,,,,,,APM
105,APM_2,46,9,32,3.2,272,274,,,,,,,APM
106,APM_2,47,9,49,4.9,66,207,,,,,,,APM
107,APM_2,48,9,13,1.3,285,293,,,,,,,APM
108,APM_2,49,9,67,6.7,291,265,,,,,,,APM
109,APM_2,50,9,24,2.4,274,271,,,,,,,APM
110,APM_2,51,9,16,1.6,275,270,,,,,,,APM
111,APM_2,52,9,23,2.3,259,274,,,,,,,APM
112,APM_2,53,9,55,5.5,263,261,287.0,2.0,,,,,APM
113,APM_2,54,9,31,3.1,267,198,273.0,267.0,,,,,APM
114,APM_2,55,9,40,4.0,284,269,,,,,,,APM
115,APM_2,56,9,26,2.6,34,234,,,,,,,APM
116,APM_2,57,9,19,1.9,261,258,,,,,,,APM
117,APM_2,58,9,49,4.9,260,207,,,,,,,APM
118,APM_2,59,9,38,3.8,248,231,,,,,,,APM
119,APM_2,60,9,26,2.6,200,118,,,,,,,APM
120,APM_3,1,9,40,4.0,217,5,,,,,,,APM
121,APM_3,2,9,51,5.1,235,253,,,,,,,APM
122,APM_3,3,9,25,2.5,65,80,,,,,,,APM
123,APM_3,4,9,25,2.5,290,36,,,,,,,APM
124,APM_3,5,9,17,1.7,249,269,,,,,,,APM
125,APM_3,6,9,43,4.3,207,24,,,,,,,APM
126,APM_3,7,9,20,2.0,254,262,,,,,,,APM
127,APM_3,8,9,55,5.5,52,137,,,,,,,APM
128,APM_3,9,9,14,1.4,49,269,,,,,,,APM
129,APM_3,10,9,31,3.1,14,253,,,,,,,APM
130,APM_3,11,9,32,3.2,5,66,,,,,,,APM
131,APM_3,12,9,31,3.1,96,297,,,,,,,APM
132,APM_3,13,9,43,4.3,25,234,,,,,,,APM
133,APM_3,14,9,71,7.1,73,289,,,,,,,APM
134,APM_3,15,9,21,2.1,290,110,,,,,,,APM
135,APM_3,16,9,77,7.7,41,240,,,,,,,APM
136,APM_3,17,9,56,5.6,297,122,,,,,,,APM
137,APM_3,18,9,47,4.7,219,37,,,,,,,APM
138,APM_3,19,9,64,6.4,23,261,,,,,,,APM
139,APM_3,20,9,37,3.7,32,246,27.0,242.0,,,,,APM
140,APM_3,21,9,32,3.2,295,117,,,,,,,APM
141,APM_3,22,9,25,2.5,37,249,,,,,,,APM
142,APM_3,23,9,43,4.3,12,184,56.0,244.0,,,,,APM
143,APM_3,24,9,37,3.7,293,116,,,,,,,APM
144,APM_3,25,9,13,1.3,153,265,,,,,,,APM
145,APM_3,26,9,31,3.1,29,249,,,,,,,APM
146,APM_3,27,10,7,10.7,275,87,280.0,10.0,,,,,APM
147,APM_3,28,9,33,3.3,285,118,,,,,,,APM
148,APM_3,29,9,31,3.1,153,7,,,,,,,APM
149,APM_3,30,9,66,6.6,135,297,300.0,118.0,,,,,APM
150,APM_3,31,9,45,4.5,13,244,,,,,,,APM
151,APM_3,32,9,88,8.8,239,278,,,,,,,APM
152,APM_3,33,9,43,4.3,32,240,,,,,,,APM
153,APM_3,34,9,49,4.9,107,67,,,,,,,APM
154,APM_3,35,9,33,3.3,47,3,,,,,,,APM
155,APM_3,36,9,14,1.4,41,235,,,,,,,APM
156,APM_3,37,9,27,2.7,177,20,,,,,,,APM
157,APM_3,38,9,21,2.1,293,127,,,,,,,APM
158,APM_3,39,9,23,2.3,231,261,,,,,,,APM
159,APM_3,40,9,94,9.4,212,294,250.0,70.0,,,,,APM
160,APM_3,41,9,20,2.0,58,261,286.0,8.0,,,,,APM
161,APM_3,42,9,37,3.7,53,132,,,,,,,APM
162,APM_3,43,9,40,4.0,107,65,,,,,,,APM
163,APM_3,44,9,59,5.9,56,290,,,,,,,APM
164,APM_3,45,9,56,5.6,39,237,290.0,305.0,,,,,APM
165,APM_3,46,9,34,3.4,35,237,,,,,,,APM
166,APM_3,47,9,19,1.9,59,288,,,,,,,APM
167,APM_3,48,9,39,3.9,247,254,,,,,,,APM
168,APM_3,49,9,25,2.5,31,250,,,,,,,APM
169,APM_3,50,9,37,3.7,245,285,,,,,,,APM
170,APM_3,51,9,21,2.1,30,234,,,,,,,APM
171,APM_3,52,9,58,5.8,74,292,,,,,,,APM
172,APM_3,53,9,45,4.5,20,9,,,,,,,APM
173,APM_3,54,9,71,7.1,124,172,,,,,,,APM
174,APM_3,55,9,38,3.8,181,285,,,,,,,APM
175,APM_3,56,9,34,3.4,282,40,,,,,,,APM
176,APM_3,57,9,31,3.1,49,240,,,,,,,APM
177,APM_3,58,9,27,2.7,146,283,,,,,,,APM
178,APM_3,59,9,37,3.7,297,35,,,,,,,APM
179,APM_3,60,9,51,5.1,81,130,152.0,86.0,,,,,APM
180,APM_4,1,9,19,1.9,6,42,160.0,111.0,,,,,APM
181,APM_4,2,9,70,7.0,39,219,,,,,,,APM
182,APM_4,3,9,37,3.7,12,296,,,,,,,APM
183,APM_4,4,9,31,3.1,58,212,,,,,,,APM
184,APM_4,5,9,19,1.9,162,114,,,,,,,APM
185,APM_4,6,9,15,1.5,148,172,,,,,,,APM
186,APM_4,7,9,14,1.4,164,97,,,,,,,APM
187,APM_4,8,9,58,5.8,153,162,,,,,,,APM
188,APM_4,9,9,19,1.9,184,139,,,,,,,APM
189,APM_4,10,9,51,5.1,222,275,,,,,,,APM
190,APM_4,11,9,35,3.5,90,246,,,,,,,APM
191,APM_4,12,9,49,4.9,55,225,,,,,,,APM
192,APM_4,13,9,25,2.5,53,127,,,,,,,APM
193,APM_4,14,9,70,7.0,64,115,85.0,202.0,,,,,APM
194,APM_4,15,9,68,6.8,290,224,,,,,,,APM
195,APM_4,16,9,33,3.3,48,123,,,,,,,APM
196,APM_4,17,9,25,2.5,215,279,,,,,,,APM
197,APM_4,18,9,33,3.3,6,95,,,,,,,APM
198,APM_4,19,9,25,2.5,40,88,,,,,,,APM
199,APM_4,20,9,55,5.5,48,221,,,,,,,APM
200,APM_4,21,9,25,2.5,25,26,,,,,,,APM
201,APM_4,22,9,28,2.8,33,85,,,,,,,APM
202,APM_4,23,9,34,3.4,78,262,,,,,,,APM
203,APM_4,24,9,49,4.9,79,72,,,,,,,APM
204,APM_4,25,9,26,2.6,278,216,,,,,,,APM
205,APM_4,26,9,11,1.1,13,45,,,,,,,APM
206,APM_4,27,9,31,3.1,8,31,,,,,,,APM
207,APM_4,28,9,40,4.0,152,163,,,,,,,APM
208,APM_4,29,9,25,2.5,168,115,,,,,,,APM
209,APM_4,30,9,37,3.7,121,77,,,,,,,APM
210,APM_4,31,9,27,2.7,259,5,,,,,,,APM
211,APM_4,32,9,33,3.3,47,254,,,,,,,APM
212,APM_4,33,9,49,4.9,36,70,,,,,,,APM
213,APM_4,34,9,63,6.3,159,111,,,,,,,APM
214,APM_4,35,9,25,2.5,184,266,,,,,,,APM
215,APM_4,36,9,55,5.5,116,236,,,,,,,APM
216,APM_4,37,9,15,1.5,218,262,,,,,,,APM
217,APM_4,38,9,22,2.2,45,83,,,,,,,APM
218,APM_4,39,9,56,5.6,246,15,,,,,,,APM
219,APM_4,40,9,79,7.9,181,130,,,,,,,APM
220,APM_4,41,9,25,2.5,292,213,,,,,,,APM
221,APM_4,42,9,40,4.0,61,117,172.0,108.0,,,,,APM
222,APM_4,43,9,32,3.2,158,178,,,,,,,APM
223,APM_4,44,9,38,3.8,296,213,,,,,,,APM
224,APM_4,45,9,14,1.4,23,89,,,,,,,APM
225,APM_4,46,9,61,6.1,165,96,,,,,,,APM
226,APM_4,47,9,13,1.3,125,166,,,,,,,APM
227,APM_4,48,9,56,5.6,295,224,,,,,,,APM
228,APM_4,49,9,50,5.0,276,214,,,,,,,APM
229,APM_4,50,9,67,6.7,280,182,,,,,,,APM
230,APM_4,51,9,69,6.9,49,191,,,,,,,APM
231,APM_4,52,9,22,2.2,194,275,,,,,,,APM
232,APM_4,53,9,29,2.9,149,165,,,,,,,APM
233,APM_4,54,9,50,5.0,101,258,,,,,,,APM
234,APM_4,55,9,31,3.1,297,45,,,,,,,APM
235,APM_4,56,9,57,5.7,12,51,,,,,,,APM
236,APM_4,57,9,71,7.1,182,283,,,,,,,APM
237,APM_4,58,9,66,6.6,53,62,,,,,,,APM
238,APM_4,59,9,31,3.1,295,231,80.0,283.0,241.0,207.0,,,APM
239,APM_4,60,9,19,1.9,248,56,,,,,,,APM
0,BPM_1,1,9,25,2.5,28,85,,,,,,,BPM
1,BPM_1,2,9,37,3.7,22,79,,,,,,,BPM
2,BPM_1,3,9,70,7.0,132,125,,,,,,,BPM
3,BPM_1,4,9,77,7.7,92,142,,,,,,,BPM
4,BPM_1,5,9,48,4.8,6,207,,,,,,,BPM
5,BPM_1,6,9,50,5.0,62,55,,,,,,,BPM
6,BPM_1,7,9,37,3.7,197,89,,,,,,,BPM
7,BPM_1,8,9,27,2.7,4,16,5.0,218.0,,,,,BPM
8,BPM_1,9,9,55,5.5,296,29,,,,,,,BPM
9,BPM_1,10,9,44,4.4,209,57,,,,,,,BPM
10,BPM_1,11,10,12,11.2,291,60,,,,,,,BPM
11,BPM_1,12,9,25,2.5,44,80,,,,,,,BPM
12,BPM_1,13,9,13,1.3,58,69,,,,,,,BPM
13,BPM_1,14,9,28,2.8,14,211,,,,,,,BPM
14,BPM_1,15,9,43,4.3,20,68,,,,,,,BPM
15,BPM_1,16,9,62,6.2,5,8,,,,,,,BPM
16,BPM_1,17,9,38,3.8,232,109,,,,,,,BPM
17,BPM_1,18,9,43,4.3,76,50,,,,,,,BPM
18,BPM_1,19,9,52,5.2,52,61,,,,,,,BPM
19,BPM_1,20,9,25,2.5,13,91,,,,,,,BPM
20,BPM_1,21,9,43,4.3,56,139,,,,,,,BPM
21,BPM_1,22,9,43,4.3,59,53,217.0,125.0,,,,,BPM
22,BPM_1,23,9,34,3.4,65,62,,,,,,,BPM
23,BPM_1,24,9,65,6.5,35,84,119.0,121.0,,,,,BPM
24,BPM_1,25,9,19,1.9,33,74,,,,,,,BPM
25,BPM_1,26,9,61,6.1,27,234,,,,,,,BPM
26,BPM_1,27,9,69,6.9,31,65,,,,,,,BPM
27,BPM_1,28,9,46,4.6,50,84,,,,,,,BPM
28,BPM_1,29,9,56,5.6,237,95,,,,,,,BPM
29,BPM_1,30,9,25,2.5,188,99,,,,,,,BPM
30,BPM_1,31,9,20,2.0,184,80,,,,,,,BPM
31,BPM_1,32,9,20,2.0,142,27,,,,,,,BPM
32,BPM_1,33,9,46,4.6,49,72,,,,,,,BPM
33,BPM_1,34,9,25,2.5,53,76,,,,,,,BPM
34,BPM_1,35,9,31,3.1,20,221,,,,,,,BPM
35,BPM_1,36,9,59,5.9,8,207,,,,,,,BPM
36,BPM_1,37,9,32,3.2,182,100,,,,,,,BPM
37,BPM_1,38,9,34,3.4,188,99,,,,,,,BPM
38,BPM_1,39,9,56,5.6,269,69,,,,,,,BPM
39,BPM_1,40,9,37,3.7,47,85,,,,,,,BPM
40,BPM_1,41,9,43,4.3,170,87,,,,,,,BPM
41,BPM_1,42,9,63,6.3,75,73,,,,,,,BPM
42,BPM_1,43,9,50,5.0,199,197,,,,,,,BPM
43,BPM_1,44,9,59,5.9,276,289,,,,,,,BPM
44,BPM_1,45,9,49,4.9,29,234,,,,,,,BPM
45,BPM_1,46,9,19,1.9,24,57,,,,,,,BPM
46,BPM_1,47,9,63,6.3,33,68,,,,,,,BPM
47,BPM_1,48,9,62,6.2,19,94,70.0,149.0,,,,,BPM
48,BPM_1,49,9,19,1.9,189,98,,,,,,,BPM
49,BPM_1,50,9,61,6.1,59,64,,,,,,,BPM
50,BPM_1,51,9,32,3.2,15,85,,,,,,,BPM
51,BPM_1,52,9,43,4.3,72,75,,,,,,,BPM
52,BPM_1,53,9,43,4.3,26,66,,,,,,,BPM
53,BPM_1,54,9,39,3.9,44,82,,,,,,,BPM
54,BPM_1,55,9,31,3.1,45,67,,,,,,,BPM
55,BPM_1,56,9,43,4.3,60,61,,,,,,,BPM
56,BPM_1,57,9,68,6.8,9,66,,,,,,,BPM
57,BPM_1,58,9,31,3.1,110,292,,,,,,,BPM
58,BPM_1,59,9,25,2.5,18,224,,,,,,,BPM
59,BPM_1,60,9,61,6.1,11,211,,,,,,,BPM
60,BPM_2,1,9,49,4.9,8,218,,,,,,,BPM
61,BPM_2,2,9,45,4.5,289,276,,,,,,,BPM
62,BPM_2,3,9,43,4.3,216,208,,,,,,,BPM
63,BPM_2,4,9,37,3.7,276,102,,,,,,,BPM
64,BPM_2,5,9,39,3.9,232,109,,,,,,,BPM
65,BPM_2,6,9,55,5.5,296,57,,,,,,,BPM
66,BPM_2,7,9,46,4.6,70,95,,,,,,,BPM
67,BPM_2,8,9,32,3.2,71,94,,,,,,,BPM
68,BPM_2,9,9,44,4.4,47,101,,,,,,,BPM
69,BPM_2,10,10,31,13.1,72,143,64.0,228.0,,,,,BPM
70,BPM_2,11,9,49,4.9,232,99,,,,,,,BPM
71,BPM_2,12,9,34,3.4,215,214,54.0,53.0,,,,,BPM
72,BPM_2,13,10,13,11.3,225,209,,,,,,,BPM
73,BPM_2,14,9,43,4.3,275,137,,,,,,,BPM
74,BPM_2,15,9,61,6.1,104,180,,,,,,,BPM
75,BPM_2,16,9,31,3.1,295,295,,,,,,,BPM
76,BPM_2,17,9,79,7.9,67,133,,,,,,,BPM
77,BPM_2,18,9,23,2.3,69,98,,,,,,,BPM
78,BPM_2,19,9,43,4.3,31,205,,,,,,,BPM
79,BPM_2,20,9,43,4.3,292,272,,,,,,,BPM
80,BPM_2,21,9,74,7.4,142,297,,,,,,,BPM
81,BPM_2,22,9,90,9.0,154,47,,,,,,,BPM
82,BPM_2,23,9,43,4.3,15,218,,,,,,,BPM
83,BPM_2,24,9,74,7.4,9,26,,,,,,,BPM
84,BPM_2,25,9,97,9.7,15,209,,,,,,,BPM
85,BPM_2,26,9,94,9.4,32,195,,,,,,,BPM
86,BPM_2,27,9,34,3.4,295,287,,,,,,,BPM
87,BPM_2,28,9,44,4.4,292,284,,,,,,,BPM
88,BPM_2,29,9,20,2.0,290,61,,,,,,,BPM
89,BPM_2,30,9,38,3.8,42,93,,,,,,,BPM
90,BPM_2,31,9,43,4.3,71,86,,,,,,,BPM
91,BPM_2,32,9,73,7.3,126,16,,,,,,,BPM
92,BPM_2,33,9,141,14.1,144,17,,,,,,,BPM
93,BPM_2,34,9,105,10.5,280,52,,,,,,,BPM
94,BPM_2,35,9,37,3.7,276,132,,,,,,,BPM
95,BPM_2,36,9,68,6.8,283,274,,,,,,,BPM
96,BPM_2,37,9,63,6.3,29,172,48.0,132.0,,,,,BPM
97,BPM_2,38,9,57,5.7,126,33,,,,,,,BPM
98,BPM_2,39,9,31,3.1,290,297,,,,,,,BPM
99,BPM_2,40,9,43,4.3,143,17,,,,,,,BPM
100,BPM_2,41,9,49,4.9,288,268,,,,,,,BPM
101,BPM_2,42,9,43,4.3,274,285,,,,,,,BPM
102,BPM_2,43,9,73,7.3,255,286,,,,,,,BPM
103,BPM_2,44,9,99,9.9,92,183,,,,,,,BPM
104,BPM_2,45,9,51,5.1,7,234,,,,,,,BPM
105,BPM_2,46,9,37,3.7,34,205,,,,,,,BPM
106,BPM_2,47,9,19,1.9,215,210,,,,,,,BPM
107,BPM_2,48,9,80,8.0,105,131,,,,,,,BPM
108,BPM_2,49,9,31,3.1,288,294,,,,,,,BPM
109,BPM_2,50,9,21,2.1,272,232,,,,,,,BPM
110,BPM_2,51,9,32,3.2,217,211,,,,,,,BPM
111,BPM_2,52,9,25,2.5,36,100,,,,,,,BPM
112,BPM_2,53,9,70,7.0,134,51,,,,,,,BPM
113,BPM_2,54,9,25,2.5,292,291,,,,,,,BPM
114,BPM_2,55,9,67,6.7,295,75,212.0,212.0,,,,,BPM
115,BPM_2,56,9,84,8.4,56,105,,,,,,,BPM
116,BPM_2,57,9,98,9.8,280,276,,,,,,,BPM
117,BPM_2,58,9,37,3.7,14,207,,,,,,,BPM
118,BPM_2,59,9,25,2.5,38,198,,,,,,,BPM
119,BPM_2,60,9,43,4.3,261,76,,,,,,,BPM
120,BPM_3,1,9,55,5.5,82,155,,,,,,,BPM
121,BPM_3,2,10,90,19.0,240,161,,,,,,,BPM
122,BPM_3,3,10,60,16.0,242,169,,,,,,,BPM
123,BPM_3,4,9,44,4.4,194,220,,,,,,,BPM
124,BPM_3,5,10,57,15.7,243,195,,,,,,,BPM
125,BPM_3,6,10,62,16.2,166,236,239.0,143.0,,,,,BPM
126,BPM_3,7,10,16,11.6,216,212,,,,,,,BPM
127,BPM_3,8,9,50,5.0,255,204,,,,,,,BPM
128,BPM_3,9,10,10,11.0,138,224,,,,,,,BPM
129,BPM_3,10,9,32,3.2,128,250,,,,,,,BPM
130,BPM_3,11,10,57,15.7,104,186,,,,,,,BPM
131,BPM_3,12,10,45,14.5,228,192,,,,,,,BPM
132,BPM_3,13,9,87,8.7,45,295,,,,,,,BPM
133,BPM_3,14,10,6,10.6,171,201,149.0,243.0,,,,,BPM
134,BPM_3,15,9,49,4.9,122,237,,,,,,,BPM
135,BPM_3,16,9,45,4.5,156,240,,,,,,,BPM
136,BPM_3,17,10,25,12.5,171,196,,,,,,,BPM
137,BPM_3,18,9,89,8.9,121,237,,,,,,,BPM
138,BPM_3,19,10,99,19.9,182,87,198.0,208.0,,,,,BPM
139,BPM_3,20,9,85,8.5,274,169,,,,,,,BPM
140,BPM_3,21,9,38,3.8,126,238,,,,,,,BPM
141,BPM_3,22,10,16,11.6,210,220,,,,,,,BPM
142,BPM_3,23,10,35,13.5,184,210,,,,,,,BPM
143,BPM_3,24,10,37,13.7,129,249,,,,,,,BPM
144,BPM_3,25,10,11,11.1,61,19,,,,,,,BPM
145,BPM_3,26,9,73,7.3,128,250,,,,,,,BPM
146,BPM_3,27,9,73,7.3,199,200,,,,,,,BPM
147,BPM_3,28,10,81,18.1,207,215,,,,,,,BPM
148,BPM_3,29,9,71,7.1,178,219,,,,,,,BPM
149,BPM_3,30,9,55,5.5,202,212,,,,,,,BPM
150,BPM_3,31,9,60,6.0,156,222,,,,,,,BPM
151,BPM_3,32,9,33,3.3,126,255,,,,,,,BPM
152,BPM_3,33,9,77,7.7,193,215,,,,,,,BPM
153,BPM_3,34,9,105,10.5,198,222,,,,,,,BPM
154,BPM_3,35,9,82,8.2,192,210,,,,,,,BPM
155,BPM_3,36,9,78,7.8,214,215,,,,,,,BPM
156,BPM_3,37,9,116,11.6,163,226,,,,,,,BPM
157,BPM_3,38,9,19,1.9,123,255,,,,,,,BPM
158,BPM_3,39,9,100,10.0,192,224,,,,,,,BPM
159,BPM_3,40,9,198,19.8,193,220,,,,,,,BPM
160,BPM_3,41,9,37,3.7,207,215,,,,,,,BPM
161,BPM_3,42,9,28,2.8,169,244,,,,,,,BPM
162,BPM_3,43,9,19,1.9,141,238,,,,,,,BPM
163,BPM_3,44,9,88,8.8,241,10,,,,,,,BPM
164,BPM_3,45,9,92,9.2,203,72,,,,,,,BPM
165,BPM_3,46,9,125,12.5,177,204,,,,,,,BPM
166,BPM_3,47,9,32,3.2,99,200,,,,,,,BPM
167,BPM_3,48,9,51,5.1,167,245,,,,,,,BPM
168,BPM_3,49,9,93,9.3,168,215,,,,,,,BPM
169,BPM_3,50,9,65,6.5,59,282,,,,,,,BPM
170,BPM_3,51,9,151,15.1,233,211,,,,,,,BPM
171,BPM_3,52,9,87,8.7,230,207,,,,,,,BPM
172,BPM_3,53,9,88,8.8,93,108,,,,,,,BPM
173,BPM_3,54,9,92,9.2,129,229,,,,,,,BPM
174,BPM_3,55,9,85,8.5,218,212,,,,,,,BPM
175,BPM_3,56,9,108,10.8,95,105,,,,,,,BPM
176,BPM_3,57,9,31,3.1,126,255,,,,,,,BPM
177,BPM_3,58,9,50,5.0,133,246,,,,,,,BPM
178,BPM_3,59,9,43,4.3,123,240,,,,,,,BPM
179,BPM_3,60,9,63,6.3,120,233,,,,,,,BPM
180,BPM_4,1,9,66,6.6,4,134,,,,,,,BPM
181,BPM_4,2,9,37,3.7,63,124,,,,,,,BPM
182,BPM_4,3,9,31,3.1,150,57,,,,,,,BPM
183,BPM_4,4,9,97,9.7,117,238,,,,,,,BPM
184,BPM_4,5,9,69,6.9,180,85,,,,,,,BPM
185,BPM_4,6,9,31,3.1,147,199,,,,,,,BPM
186,BPM_4,7,9,91,9.1,299,40,,,,,,,BPM
187,BPM_4,8,9,55,5.5,153,93,,,,,,,BPM
188,BPM_4,9,11,11,21.1,118,194,,,,,,,BPM
189,BPM_4,10,9,89,8.9,273,56,,,,,,,BPM
190,BPM_4,11,9,90,9.0,142,59,,,,,,,BPM
191,BPM_4,12,10,12,11.2,193,67,,,,,,,BPM
192,BPM_4,13,9,39,3.9,197,64,,,,,,,BPM
193,BPM_4,14,9,88,8.8,268,135,,,,,,,BPM
194,BPM_4,15,9,43,4.3,93,231,,,,,,,BPM
195,BPM_4,16,9,80,8.0,218,76,,,,,,,BPM
196,BPM_4,17,10,2,10.2,236,53,,,,,,,BPM
197,BPM_4,18,9,31,3.1,53,143,,,,,,,BPM
198,BPM_4,19,10,3,10.3,70,144,,,,,,,BPM
199,BPM_4,20,9,81,8.1,128,200,,,,,,,BPM
200,BPM_4,21,9,25,2.5,180,64,,,,,,,BPM
201,BPM_4,22,9,49,4.9,64,133,,,,,,,BPM
202,BPM_4,23,9,94,9.4,204,79,,,,,,,BPM
203,BPM_4,24,9,73,7.3,79,142,,,,,,,BPM
204,BPM_4,25,9,37,3.7,185,65,,,,,,,BPM
205,BPM_4,26,9,77,7.7,153,35,,,,,,,BPM
206,BPM_4,27,9,98,9.8,115,245,,,,,,,BPM
207,BPM_4,28,9,55,5.5,151,72,,,,,,,BPM
208,BPM_4,29,9,98,9.8,77,144,,,,,,,BPM
209,BPM_4,30,9,85,8.5,155,84,,,,,,,BPM
210,BPM_4,31,9,77,7.7,173,108,,,,,,,BPM
211,BPM_4,32,9,43,4.3,62,126,,,,,,,BPM
212,BPM_4,33,9,43,4.3,63,135,,,,,,,BPM
213,BPM_4,34,9,33,3.3,110,242,,,,,,,BPM
214,BPM_4,35,9,49,4.9,180,60,,,,,,,BPM
215,BPM_4,36,9,87,8.7,176,85,,,,,,,BPM
216,BPM_4,37,9,117,11.7,122,250,,,,,,,BPM
217,BPM_4,38,9,98,9.8,247,59,,,,,,,BPM
218,BPM_4,39,9,69,6.9,219,94,,,,,,,BPM
219,BPM_4,40,9,52,5.2,166,122,,,,,,,BPM
220,BPM_4,41,9,82,8.2,163,84,,,,,,,BPM
221,BPM_4,42,9,73,7.3,193,69,,,,,,,BPM
222,BPM_4,43,9,70,7.0,189,59,,,,,,,BPM
223,BPM_4,44,9,90,9.0,53,153,,,,,,,BPM
224,BPM_4,45,9,89,8.9,120,253,142.0,201.0,,,,,BPM
225,BPM_4,46,9,115,11.5,204,68,269.0,155.0,,,,,BPM
226,BPM_4,47,9,61,6.1,63,130,,,,,,,BPM
227,BPM_4,48,9,50,5.0,263,58,,,,,,,BPM
228,BPM_4,49,9,89,8.9,151,51,58.0,124.0,,,,,BPM
229,BPM_4,50,9,86,8.6,200,111,,,,,,,BPM
230,BPM_4,51,9,62,6.2,187,245,,,,,,,BPM
231,BPM_4,52,9,69,6.9,166,117,196.0,77.0,,,,,BPM
232,BPM_4,53,9,72,7.2,301,50,,,,,,,BPM
233,BPM_4,54,9,39,3.9,169,44,,,,,,,BPM
234,BPM_4,55,9,93,9.3,163,41,,,,,,,BPM
235,BPM_4,56,9,88,8.8,183,91,,,,,,,BPM
236,BPM_4,57,9,55,5.5,152,60,,,,,,,BPM
237,BPM_4,58,9,43,4.3,21,71,,,,,,,BPM
238,BPM_4,59,9,122,12.2,166,55,,,,,,,BPM
239,BPM_4,60,9,78,7.8,173,58,,,,,,,BPM
0,BPM-hyp_1,1,9,26,2.6,191,90,,,,,,,BPM-hyp
1,BPM-hyp_1,2,9,25,2.5,184,88,,,,,,,BPM-hyp
2,BPM-hyp_1,3,9,31,3.1,186,112,,,,,,,BPM-hyp
3,BPM-hyp_1,4,9,50,5.0,191,101,,,,,,,BPM-hyp
4,BPM-hyp_1,5,9,25,2.5,9,204,,,,,,,BPM-hyp
5,BPM-hyp_1,6,9,37,3.7,37,80,188.0,102.0,,,,,BPM-hyp
6,BPM-hyp_1,7,9,25,2.5,46,77,199.0,94.0,7.0,228.0,,,BPM-hyp
7,BPM-hyp_1,8,9,31,3.1,33,78,,,,,,,BPM-hyp
8,BPM-hyp_1,9,9,53,5.3,8,219,,,,,,,BPM-hyp
9,BPM-hyp_1,10,9,25,2.5,66,72,,,,,,,BPM-hyp
10,BPM-hyp_1,11,9,31,3.1,60,154,,,,,,,BPM-hyp
11,BPM-hyp_1,12,9,32,3.2,106,55,,,,,,,BPM-hyp
12,BPM-hyp_1,13,9,44,4.4,36,88,,,,,,,BPM-hyp
13,BPM-hyp_1,14,9,31,3.1,182,96,,,,,,,BPM-hyp
14,BPM-hyp_1,15,9,25,2.5,34,86,,,,,,,BPM-hyp
15,BPM-hyp_1,16,9,15,1.5,191,93,,,,,,,BPM-hyp
16,BPM-hyp_1,17,9,33,3.3,15,294,,,,,,,BPM-hyp
17,BPM-hyp_1,18,9,40,4.0,14,217,,,,,,,BPM-hyp
18,BPM-hyp_1,19,9,25,2.5,14,92,,,,,,,BPM-hyp
19,BPM-hyp_1,20,9,32,3.2,78,142,,,,,,,BPM-hyp
20,BPM-hyp_1,21,9,35,3.5,50,85,,,,,,,BPM-hyp
21,BPM-hyp_1,22,9,31,3.1,35,85,,,,,,,BPM-hyp
22,BPM-hyp_1,23,9,13,1.3,190,91,,,,,,,BPM-hyp
23,BPM-hyp_1,24,9,19,1.9,47,83,,,,,,,BPM-hyp
24,BPM-hyp_1,25,9,49,4.9,51,87,,,,,,,BPM-hyp
25,BPM-hyp_1,26,9,31,3.1,29,84,292.0,36.0,,,,,BPM-hyp
26,BPM-hyp_1,27,9,25,2.5,11,207,,,,,,,BPM-hyp
27,BPM-hyp_1,28,9,25,2.5,189,103,,,,,,,BPM-hyp
28,BPM-hyp_1,29,9,40,4.0,219,96,,,,,,,BPM-hyp
29,BPM-hyp_1,30,9,32,3.2,144,13,,,,,,,BPM-hyp
30,BPM-hyp_1,31,9,19,1.9,70,145,,,,,,,BPM-hyp
31,BPM-hyp_1,32,9,27,2.7,35,77,188.0,83.0,,,,,BPM-hyp
32,BPM-hyp_1,33,9,22,2.2,34,71,,,,,,,BPM-hyp
33,BPM-hyp_1,34,9,50,5.0,296,10,,,,,,,BPM-hyp
34,BPM-hyp_1,35,9,25,2.5,39,74,,,,,,,BPM-hyp
35,BPM-hyp_1,36,9,22,2.2,194,77,,,,,,,BPM-hyp
36,BPM-hyp_1,37,9,49,4.9,64,151,,,,,,,BPM-hyp
37,BPM-hyp_1,38,9,14,1.4,38,77,,,,,,,BPM-hyp
38,BPM-hyp_1,39,9,38,3.8,183,73,,,,,,,BPM-hyp
39,BPM-hyp_1,40,9,25,2.5,182,94,,,,,,,BPM-hyp
40,BPM-hyp_1,41,9,45,4.5,198,72,,,,,,,BPM-hyp
41,BPM-hyp_1,42,9,20,2.0,123,31,,,,,,,BPM-hyp
42,BPM-hyp_1,43,9,37,3.7,92,56,,,,,,,BPM-hyp
43,BPM-hyp_1,44,9,32,3.2,106,5,,,,,,,BPM-hyp
44,BPM-hyp_1,45,9,39,3.9,81,147,,,,,,,BPM-hyp
45,BPM-hyp_1,46,9,20,2.0,192,87,,,,,,,BPM-hyp
46,BPM-hyp_1,47,9,61,6.1,30,75,,,,,,,BPM-hyp
47,BPM-hyp_1,48,9,49,4.9,69,55,,,,,,,BPM-hyp
48,BPM-hyp_1,49,9,53,5.3,77,57,,,,,,,BPM-hyp
49,BPM-hyp_1,50,9,15,1.5,45,79,,,,,,,BPM-hyp
50,BPM-hyp_1,51,9,25,2.5,47,86,,,,,,,BPM-hyp
51,BPM-hyp_1,52,9,8,0.8,36,80,,,,,,,BPM-hyp
52,BPM-hyp_1,53,9,55,5.5,48,23,,,,,,,BPM-hyp
53,BPM-hyp_1,54,9,35,3.5,225,265,189.0,110.0,,,,,BPM-hyp
54,BPM-hyp_1,55,9,37,3.7,196,88,,,,,,,BPM-hyp
55,BPM-hyp_1,56,9,28,2.8,30,75,,,,,,,BPM-hyp
56,BPM-hyp_1,57,9,27,2.7,30,53,,,,,,,BPM-hyp
57,BPM-hyp_1,58,9,19,1.9,149,15,,,,,,,BPM-hyp
58,BPM-hyp_1,59,9,32,3.2,190,104,,,,,,,BPM-hyp
59,BPM-hyp_1,60,9,21,2.1,136,21,295.0,240.0,,,,,BPM-hyp
60,BPM-hyp_2,1,9,55,5.5,214,207,,,,,,,BPM-hyp
61,BPM-hyp_2,2,9,44,4.4,117,28,,,,,,,BPM-hyp
62,BPM-hyp_2,3,9,49,4.9,32,196,,,,,,,BPM-hyp
63,BPM-hyp_2,4,9,49,4.9,8,277,,,,,,,BPM-hyp
64,BPM-hyp_2,5,9,37,3.7,294,64,217.0,213.0,,,,,BPM-hyp
65,BPM-hyp_2,6,9,34,3.4,53,91,,,,,,,BPM-hyp
66,BPM-hyp_2,7,9,25,2.5,294,290,,,,,,,BPM-hyp
67,BPM-hyp_2,8,9,44,4.4,14,205,,,,,,,BPM-hyp
68,BPM-hyp_2,9,9,25,2.5,77,92,,,,,,,BPM-hyp
69,BPM-hyp_2,10,9,27,2.7,52,40,,,,,,,BPM-hyp
70,BPM-hyp_2,11,9,19,1.9,29,199,,,,,,,BPM-hyp
71,BPM-hyp_2,12,9,38,3.8,296,271,,,,,,,BPM-hyp
72,BPM-hyp_2,13,9,15,1.5,290,290,,,,,,,BPM-hyp
73,BPM-hyp_2,14,9,50,5.0,27,192,,,,,,,BPM-hyp
74,BPM-hyp_2,15,9,37,3.7,227,221,,,,,,,BPM-hyp
75,BPM-hyp_2,16,9,31,3.1,216,216,,,,,,,BPM-hyp
76,BPM-hyp_2,17,9,20,2.0,27,202,,,,,,,BPM-hyp
77,BPM-hyp_2,18,9,25,2.5,290,293,,,,,,,BPM-hyp
78,BPM-hyp_2,19,9,15,1.5,140,21,,,,,,,BPM-hyp
79,BPM-hyp_2,20,9,31,3.1,120,29,,,,,,,BPM-hyp
80,BPM-hyp_2,21,9,33,3.3,232,97,,,,,,,BPM-hyp
81,BPM-hyp_2,22,9,19,1.9,16,207,,,,,,,BPM-hyp
82,BPM-hyp_2,23,9,31,3.1,293,293,,,,,,,BPM-hyp
83,BPM-hyp_2,24,9,25,2.5,227,215,,,,,,,BPM-hyp
84,BPM-hyp_2,25,9,33,3.3,135,192,,,,,,,BPM-hyp
85,BPM-hyp_2,26,9,31,3.1,84,35,,,,,,,BPM-hyp
86,BPM-hyp_2,27,9,14,1.4,19,209,,,,,,,BPM-hyp
87,BPM-hyp_2,28,9,25,2.5,290,288,,,,,,,BPM-hyp
88,BPM-hyp_2,29,9,25,2.5,273,292,,,,,,,BPM-hyp
89,BPM-hyp_2,30,9,37,3.7,221,205,,,,,,,BPM-hyp
90,BPM-hyp_2,31,9,55,5.5,294,13,,,,,,,BPM-hyp
91,BPM-hyp_2,32,9,31,3.1,22,213,,,,,,,BPM-hyp
92,BPM-hyp_2,33,9,31,3.1,290,293,,,,,,,BPM-hyp
93,BPM-hyp_2,34,9,49,4.9,212,215,,,,,,,BPM-hyp
94,BPM-hyp_2,35,9,16,1.6,134,35,,,,,,,BPM-hyp
95,BPM-hyp_2,36,9,37,3.7,292,273,,,,,,,BPM-hyp
96,BPM-hyp_2,37,9,43,4.3,154,32,,,,,,,BPM-hyp
97,BPM-hyp_2,38,9,49,4.9,227,214,,,,,,,BPM-hyp
98,BPM-hyp_2,39,9,26,2.6,27,196,,,,,,,BPM-hyp
99,BPM-hyp_2,40,9,31,3.1,25,211,,,,,,,BPM-hyp
100,BPM-hyp_2,41,9,24,2.4,25,196,212.0,214.0,,,,,BPM-hyp
101,BPM-hyp_2,42,9,37,3.7,12,204,,,,,,,BPM-hyp
102,BPM-hyp_2,43,9,25,2.5,146,36,,,,,,,BPM-hyp
103,BPM-hyp_2,44,9,25,2.5,291,124,,,,,,,BPM-hyp
104,BPM-hyp_2,45,9,43,4.3,23,212,,,,,,,BPM-hyp
105,BPM-hyp_2,46,9,85,8.5,21,284,,,,,,,BPM-hyp
106,BPM-hyp_2,47,9,31,3.1,271,262,,,,,,,BPM-hyp
107,BPM-hyp_2,48,9,31,3.1,8,225,,,,,,,BPM-hyp
108,BPM-hyp_2,49,9,21,2.1,70,91,,,,,,,BPM-hyp
109,BPM-hyp_2,50,9,50,5.0,26,192,,,,,,,BPM-hyp
110,BPM-hyp_2,51,9,14,1.4,5,208,,,,,,,BPM-hyp
111,BPM-hyp_2,52,9,43,4.3,289,114,,,,,,,BPM-hyp
112,BPM-hyp_2,53,9,20,2.0,212,201,,,,,,,BPM-hyp
113,BPM-hyp_2,54,9,37,3.7,146,297,,,,,,,BPM-hyp
114,BPM-hyp_2,55,9,37,3.7,276,294,,,,,,,BPM-hyp
115,BPM-hyp_2,56,9,15,1.5,292,293,,,,,,,BPM-hyp
116,BPM-hyp_2,57,9,21,2.1,33,197,,,,,,,BPM-hyp
117,BPM-hyp_2,58,9,43,4.3,292,294,,,,,,,BPM-hyp
118,BPM-hyp_2,59,9,26,2.6,21,204,,,,,,,BPM-hyp
119,BPM-hyp_2,60,9,43,4.3,59,95,,,,,,,BPM-hyp
120,BPM-hyp_3,1,9,64,6.4,166,252,,,,,,,BPM-hyp
121,BPM-hyp_3,2,9,93,9.3,6,6,,,,,,,BPM-hyp
122,BPM-hyp_3,3,9,37,3.7,202,245,,,,,,,BPM-hyp
123,BPM-hyp_3,4,9,61,6.1,250,293,,,,,,,BPM-hyp
124,BPM-hyp_3,5,9,69,6.9,270,184,,,,,,,BPM-hyp
125,BPM-hyp_3,6,9,78,7.8,181,211,,,,,,,BPM-hyp
126,BPM-hyp_3,7,9,26,2.6,141,249,,,,,,,BPM-hyp
127,BPM-hyp_3,8,9,46,4.6,259,161,,,,,,,BPM-hyp
128,BPM-hyp_3,9,9,103,10.3,99,190,,,,,,,BPM-hyp
129,BPM-hyp_3,10,9,40,4.0,204,213,,,,,,,BPM-hyp
130,BPM-hyp_3,11,9,31,3.1,94,74,133.0,265.0,,,,,BPM-hyp
131,BPM-hyp_3,12,9,66,6.6,96,195,,,,,,,BPM-hyp
132,BPM-hyp_3,13,9,31,3.1,228,26,,,,,,,BPM-hyp
133,BPM-hyp_3,14,9,49,4.9,138,244,,,,,,,BPM-hyp
134,BPM-hyp_3,15,9,49,4.9,243,153,,,,,,,BPM-hyp
135,BPM-hyp_3,16,9,43,4.3,186,218,,,,,,,BPM-hyp
136,BPM-hyp_3,17,9,104,10.4,260,174,,,,,,,BPM-hyp
137,BPM-hyp_3,18,9,19,1.9,124,241,,,,,,,BPM-hyp
138,BPM-hyp_3,19,9,103,10.3,239,186,147.0,234.0,,,,,BPM-hyp
139,BPM-hyp_3,20,9,31,3.1,106,210,,,,,,,BPM-hyp
140,BPM-hyp_3,21,9,81,8.1,73,118,260.0,167.0,,,,,BPM-hyp
141,BPM-hyp_3,22,9,49,4.9,272,104,,,,,,,BPM-hyp
142,BPM-hyp_3,23,9,56,5.6,185,139,,,,,,,BPM-hyp
143,BPM-hyp_3,24,9,28,2.8,42,125,,,,,,,BPM-hyp
144,BPM-hyp_3,25,9,43,4.3,98,182,,,,,,,BPM-hyp
145,BPM-hyp_3,26,9,79,7.9,199,212,,,,,,,BPM-hyp
146,BPM-hyp_3,27,9,37,3.7,223,197,,,,,,,BPM-hyp
147,BPM-hyp_3,28,9,72,7.2,49,93,,,,,,,BPM-hyp
148,BPM-hyp_3,29,9,81,8.1,180,222,,,,,,,BPM-hyp
149,BPM-hyp_3,30,9,45,4.5,229,224,,,,,,,BPM-hyp
150,BPM-hyp_3,31,9,52,5.2,206,223,,,,,,,BPM-hyp
151,BPM-hyp_3,32,9,65,6.5,123,243,,,,,,,BPM-hyp
152,BPM-hyp_3,33,9,123,12.3,184,241,,,,,,,BPM-hyp
153,BPM-hyp_3,34,9,31,3.1,125,264,,,,,,,BPM-hyp
154,BPM-hyp_3,35,9,38,3.8,213,274,,,,,,,BPM-hyp
155,BPM-hyp_3,36,9,52,5.2,139,252,,,,,,,BPM-hyp
156,BPM-hyp_3,37,9,74,7.4,200,218,,,,,,,BPM-hyp
157,BPM-hyp_3,38,9,31,3.1,91,76,,,,,,,BPM-hyp
158,BPM-hyp_3,39,9,116,11.6,260,182,,,,,,,BPM-hyp
159,BPM-hyp_3,40,9,55,5.5,26,251,,,,,,,BPM-hyp
160,BPM-hyp_3,41,9,37,3.7,183,62,,,,,,,BPM-hyp
161,BPM-hyp_3,42,9,43,4.3,157,227,,,,,,,BPM-hyp
162,BPM-hyp_3,43,9,37,3.7,179,208,,,,,,,BPM-hyp
163,BPM-hyp_3,44,9,90,9.0,265,161,195.0,217.0,,,,,BPM-hyp
164,BPM-hyp_3,45,9,49,4.9,173,102,,,,,,,BPM-hyp
165,BPM-hyp_3,46,9,31,3.1,226,218,,,,,,,BPM-hyp
166,BPM-hyp_3,47,9,70,7.0,44,166,,,,,,,BPM-hyp
167,BPM-hyp_3,48,9,103,10.3,43,140,,,,,,,BPM-hyp
168,BPM-hyp_3,49,9,88,8.8,275,152,,,,,,,BPM-hyp
169,BPM-hyp_3,50,9,37,3.7,168,253,,,,,,,BPM-hyp
170,BPM-hyp_3,51,9,74,7.4,105,275,,,,,,,BPM-hyp
171,BPM-hyp_3,52,9,64,6.4,169,118,,,,,,,BPM-hyp
172,BPM-hyp_3,53,9,52,5.2,231,204,,,,,,,BPM-hyp
173,BPM-hyp_3,54,9,51,5.1,113,82,191.0,213.0,,,,,BPM-hyp
174,BPM-hyp_3,55,9,40,4.0,123,257,,,,,,,BPM-hyp
175,BPM-hyp_3,56,9,62,6.2,45,298,,,,,,,BPM-hyp
176,BPM-hyp_3,57,9,74,7.4,196,220,,,,,,,BPM-hyp
177,BPM-hyp_3,58,9,43,4.3,244,171,,,,,,,BPM-hyp
178,BPM-hyp_3,59,9,121,12.1,274,188,,,,,,,BPM-hyp
179,BPM-hyp_3,60,9,63,6.3,164,211,,,,,,,BPM-hyp
180,BPM-hyp_4,1,9,31,3.1,68,136,,,,,,,BPM-hyp
181,BPM-hyp_4,2,9,37,3.7,71,130,118.0,257.0,,,,,BPM-hyp
182,BPM-hyp_4,3,9,75,7.5,184,118,124.0,264.0,,,,,BPM-hyp
183,BPM-hyp_4,4,9,40,4.0,156,19,,,,,,,BPM-hyp
184,BPM-hyp_4,5,9,43,4.3,65,138,,,,,,,BPM-hyp
185,BPM-hyp_4,6,9,49,4.9,172,75,,,,,,,BPM-hyp
186,BPM-hyp_4,7,9,72,7.2,128,170,,,,,,,BPM-hyp
187,BPM-hyp_4,8,9,37,3.7,63,130,,,,,,,BPM-hyp
188,BPM-hyp_4,9,9,63,6.3,182,89,,,,,,,BPM-hyp
189,BPM-hyp_4,10,9,19,1.9,75,284,,,,,,,BPM-hyp
190,BPM-hyp_4,11,9,43,4.3,55,130,,,,,,,BPM-hyp
191,BPM-hyp_4,12,9,43,4.3,73,127,,,,,,,BPM-hyp
192,BPM-hyp_4,13,9,51,5.1,76,136,,,,,,,BPM-hyp
193,BPM-hyp_4,14,9,46,4.6,66,135,,,,,,,BPM-hyp
194,BPM-hyp_4,15,9,32,3.2,175,37,,,,,,,BPM-hyp
195,BPM-hyp_4,16,9,43,4.3,66,136,,,,,,,BPM-hyp
196,BPM-hyp_4,17,9,25,2.5,147,125,,,,,,,BPM-hyp
197,BPM-hyp_4,18,9,26,2.6,33,90,,,,,,,BPM-hyp
198,BPM-hyp_4,19,9,43,4.3,153,48,,,,,,,BPM-hyp
199,BPM-hyp_4,20,9,37,3.7,161,114,,,,,,,BPM-hyp
200,BPM-hyp_4,21,9,25,2.5,62,139,,,,,,,BPM-hyp
201,BPM-hyp_4,22,9,74,7.4,152,66,,,,,,,BPM-hyp
202,BPM-hyp_4,23,9,21,2.1,60,138,,,,,,,BPM-hyp
203,BPM-hyp_4,24,9,20,2.0,66,140,,,,,,,BPM-hyp
204,BPM-hyp_4,25,9,49,4.9,53,93,,,,,,,BPM-hyp
205,BPM-hyp_4,26,9,64,6.4,262,42,,,,,,,BPM-hyp
206,BPM-hyp_4,27,9,73,7.3,147,270,,,,,,,BPM-hyp
207,BPM-hyp_4,28,9,37,3.7,68,130,,,,,,,BPM-hyp
208,BPM-hyp_4,29,9,90,9.0,30,86,,,,,,,BPM-hyp
209,BPM-hyp_4,30,9,31,3.1,134,194,,,,,,,BPM-hyp
210,BPM-hyp_4,31,9,51,5.1,66,144,,,,,,,BPM-hyp
211,BPM-hyp_4,32,9,44,4.4,25,95,162.0,65.0,,,,,BPM-hyp
212,BPM-hyp_4,33,9,64,6.4,43,227,,,,,,,BPM-hyp
213,BPM-hyp_4,34,9,32,3.2,216,60,,,,,,,BPM-hyp
214,BPM-hyp_4,35,9,63,6.3,24,108,,,,,,,BPM-hyp
215,BPM-hyp_4,36,9,49,4.9,57,118,,,,,,,BPM-hyp
216,BPM-hyp_4,37,9,55,5.5,215,77,,,,,,,BPM-hyp
217,BPM-hyp_4,38,9,49,4.9,207,73,,,,,,,BPM-hyp
218,BPM-hyp_4,39,9,60,6.0,155,252,,,,,,,BPM-hyp
219,BPM-hyp_4,40,9,25,2.5,171,45,,,,,,,BPM-hyp
220,BPM-hyp_4,41,9,20,2.0,66,138,,,,,,,BPM-hyp
221,BPM-hyp_4,42,9,37,3.7,66,137,,,,,,,BPM-hyp
222,BPM-hyp_4,43,9,31,3.1,215,68,167.0,142.0,,,,,BPM-hyp
223,BPM-hyp_4,44,9,25,2.5,62,131,,,,,,,BPM-hyp
224,BPM-hyp_4,45,9,35,3.5,155,52,,,,,,,BPM-hyp
225,BPM-hyp_4,46,9,38,3.8,145,4,,,,,,,BPM-hyp
226,BPM-hyp_4,47,9,31,3.1,162,74,,,,,,,BPM-hyp
227,BPM-hyp_4,48,9,31,3.1,64,117,,,,,,,BPM-hyp
228,BPM-hyp_4,49,9,55,5.5,62,126,,,,,,,BPM-hyp
229,BPM-hyp_4,50,9,25,2.5,155,292,,,,,,,BPM-hyp
230,BPM-hyp_4,51,9,74,7.4,117,270,,,,,,,BPM-hyp
231,BPM-hyp_4,52,9,70,7.0,183,89,,,,,,,BPM-hyp
232,BPM-hyp_4,53,9,26,2.6,255,82,,,,,,,BPM-hyp
233,BPM-hyp_4,54,9,49,4.9,67,133,130.0,68.0,,,,,BPM-hyp
234,BPM-hyp_4,55,9,25,2.5,162,54,,,,,,,BPM-hyp
235,BPM-hyp_4,56,9,28,2.8,168,111,,,,,,,BPM-hyp
236,BPM-hyp_4,57,9,49,4.9,65,133,,,,,,,BPM-hyp
237,BPM-hyp_4,58,9,33,3.3,209,259,,,,,,,BPM-hyp
238,BPM-hyp_4,59,9,55,5.5,64,122,,,,,,,BPM-hyp
239,BPM-hyp_4,60,9,46,4.6,169,37,78.0,141.0,,,,,BPM-hyp
